theta,Curve1
-157.146,0.902482
-134.706,0.892078
-112.463,0.881301
-90,0.881443
-67.9701,0.88414
-45.2938,0.884825
-22.5522,0.900493
2.44285e-10,0.913265
22.6573,0.923296
45.5167,0.932011
67.3001,0.938691
74.9749,0.944667
80.1105,0.9209
84.9794,0.874489
87.269,0.856643
89.6604,0.86084
91.718,0.850898
94.7434,0.863783
100.145,0.926864
105.025,0.944667
112.7,0.938691
134.929,0.931937
157.048,0.925293
180,0.903061
