theta,Curve1
-157.538,0.778491
-135.425,0.730683
-112.916,0.707086
-89.9364,0.697436
-67.4937,0.710526
-45.0037,0.725191
-22.7969,0.767644
5.60944e-10,0.820972
22.8158,0.886065
44.8886,0.930115
67.2834,0.939551
74.8317,0.89795
79.9477,0.817681
84.9525,0.808263
88.216,0.805519
92.2035,0.810856
95.0848,0.813458
100.153,0.843985
105.124,0.903075
112.541,0.921693
135.188,0.93136
157.218,0.900566
180,0.826087
